{"FMCC": 91.63483351010562, "DMC": 51.87110100392298, "DC": 81.2011756, "Rainfall": 0.0, "time": "09:44:17"}