{"FMCC": 101.0529891304348, "DMC": 147.6234377164595, "DC": 249.8613504, "Rainfall": 0.0, "time": "09:44:18"}