{"FMCC": 101.0529891304348, "DMC": 293.1549005411207, "DC": 404.364813, "Rainfall": 0.0, "time": "02:47:35"}